"Domain,""Name"",""DisplayName"",""EmailAddress"""
"quentin.com,""Administrateur"",,"
"quentin.com,""Invit?"",,"
"quentin.com,""krbtgt"",,"
"quentin.com,""quentin1 go1. guillaume1"",""quentin1 go1. guillaume1"","
"quentin.com,""quentin2 go2. guillaume2"",""quentin2 go2. guillaume2"","
"quentin.com,""quentin3 go3. guillaume3"",""quentin3 go3. guillaume3"","
"quentin.com,""quentin4 go4. guillaume4"",""quentin4 go4. guillaume4"","
"quentin.com,""quentin5 go5. guillaume5"",""quentin5 go5. guillaume5"","
"quentin.com,""quentin6 go6. guillaume6"",""quentin6 go6. guillaume6"","
"quentin.com,""quentin7 go7. guillaume7"",""quentin7 go7. guillaume7"","
"quentin.com,""quentin8 go8. guillaume8"",""quentin8 go8. guillaume8"","
"quentin.com,""quentin9 go9. guillaume9"",""quentin9 go9. guillaume9"","
"quentin.com,""quentin10 go10. guillaume10"",""quentin10 go10. guillaume10"","
"quentin.com,""quentin11 go11. guillaume11"",""quentin11 go11. guillaume11"","
"quentin.com,""ps_quentin1 ps_go1. ps_guillaume1"",""ps_quentin1 ps_go1. ps_guillaume1"","
"quentin.com,""ps_quentin2 ps_go2. ps_guillaume2"",""ps_quentin2 ps_go2. ps_guillaume2"","
"quentin.com,""ps_quentin3 ps_go3. ps_guillaume3"",""ps_quentin3 ps_go3. ps_guillaume3"","
"quentin.com,""ps_quentin4 ps_go4. ps_guillaume4"",""ps_quentin4 ps_go4. ps_guillaume4"","
"quentin.com,""ps_quentin5 ps_go5. ps_guillaume5"",""ps_quentin5 ps_go5. ps_guillaume5"","
"quentin.com,""ps_quentin6 ps_go6. ps_guillaume6"",""ps_quentin6 ps_go6. ps_guillaume6"","
"quentin.com,""ps_quentin7 ps_go7. ps_guillaume7"",""ps_quentin7 ps_go7. ps_guillaume7"","
"quentin.com,""ps_quentin8 ps_go8. ps_guillaume8"",""ps_quentin8 ps_go8. ps_guillaume8"","
"quentin.com,""ps_quentin9 ps_go9. ps_guillaume9"",""ps_quentin9 ps_go9. ps_guillaume9"","
"quentin.com,""ps_quentin10 ps_go10. ps_guillaume10"",""ps_quentin10 ps_go10. ps_guillaume10"","
