"Domain","Name","GroupScope","DistinguishedName"
"YnovDomaine.com","Administrateurs","DomainLocal","CN=Administrateurs,CN=Builtin,DC=YnovDomaine,DC=com"
"YnovDomaine.com","Utilisateurs","DomainLocal","CN=Utilisateurs,CN=Builtin,DC=YnovDomaine,DC=com"
"YnovDomaine.com","Invit?s","DomainLocal","CN=Invit?s,CN=Builtin,DC=YnovDomaine,DC=com"
"YnovDomaine.com","Op?rateurs d?impression","DomainLocal","CN=Op?rateurs d?impression,CN=Builtin,DC=YnovDomaine,DC=com"
"YnovDomaine.com","Op?rateurs de sauvegarde","DomainLocal","CN=Op?rateurs de sauvegarde,CN=Builtin,DC=YnovDomaine,DC=com"
"YnovDomaine.com","Duplicateurs","DomainLocal","CN=Duplicateurs,CN=Builtin,DC=YnovDomaine,DC=com"
"YnovDomaine.com","Utilisateurs du Bureau ? distance","DomainLocal","CN=Utilisateurs du Bureau ? distance,CN=Builtin,DC=YnovDomaine,DC=com"
"YnovDomaine.com","Op?rateurs de configuration r?seau","DomainLocal","CN=Op?rateurs de configuration r?seau,CN=Builtin,DC=YnovDomaine,DC=com"
"YnovDomaine.com","Utilisateurs de l?Analyseur de performances","DomainLocal","CN=Utilisateurs de l?Analyseur de performances,CN=Builtin,DC=YnovDomaine,DC=com"
"YnovDomaine.com","Utilisateurs du journal de performances","DomainLocal","CN=Utilisateurs du journal de performances,CN=Builtin,DC=YnovDomaine,DC=com"
"YnovDomaine.com","Utilisateurs du mod?le COM distribu?","DomainLocal","CN=Utilisateurs du mod?le COM distribu?,CN=Builtin,DC=YnovDomaine,DC=com"
"YnovDomaine.com","IIS_IUSRS","DomainLocal","CN=IIS_IUSRS,CN=Builtin,DC=YnovDomaine,DC=com"
"YnovDomaine.com","Op?rateurs de chiffrement","DomainLocal","CN=Op?rateurs de chiffrement,CN=Builtin,DC=YnovDomaine,DC=com"
"YnovDomaine.com","Lecteurs des journaux d??v?nements","DomainLocal","CN=Lecteurs des journaux d??v?nements,CN=Builtin,DC=YnovDomaine,DC=com"
"YnovDomaine.com","Acc?s DCOM service de certificats","DomainLocal","CN=Acc?s DCOM service de certificats,CN=Builtin,DC=YnovDomaine,DC=com"
"YnovDomaine.com","Serveurs Acc?s Distant RDS","DomainLocal","CN=Serveurs Acc?s Distant RDS,CN=Builtin,DC=YnovDomaine,DC=com"
"YnovDomaine.com","Serveurs RDS Endpoint","DomainLocal","CN=Serveurs RDS Endpoint,CN=Builtin,DC=YnovDomaine,DC=com"
"YnovDomaine.com","Serveurs Gestion RDS","DomainLocal","CN=Serveurs Gestion RDS,CN=Builtin,DC=YnovDomaine,DC=com"
"YnovDomaine.com","Administrateurs Hyper-V","DomainLocal","CN=Administrateurs Hyper-V,CN=Builtin,DC=YnovDomaine,DC=com"
"YnovDomaine.com","Op?rateurs d'assistance de contr?le d'acc?s","DomainLocal","CN=Op?rateurs d'assistance de contr?le d'acc?s,CN=Builtin,DC=YnovDomaine,DC=com"
"YnovDomaine.com","Utilisateurs de gestion ? distance","DomainLocal","CN=Utilisateurs de gestion ? distance,CN=Builtin,DC=YnovDomaine,DC=com"
"YnovDomaine.com","Storage Replica Administrators","DomainLocal","CN=Storage Replica Administrators,CN=Builtin,DC=YnovDomaine,DC=com"
"YnovDomaine.com","Ordinateurs du domaine","Global","CN=Ordinateurs du domaine,CN=Users,DC=YnovDomaine,DC=com"
"YnovDomaine.com","Contr?leurs de domaine","Global","CN=Contr?leurs de domaine,CN=Users,DC=YnovDomaine,DC=com"
"YnovDomaine.com","Administrateurs du sch?ma","Universal","CN=Administrateurs du sch?ma,CN=Users,DC=YnovDomaine,DC=com"
"YnovDomaine.com","Administrateurs de l?entreprise","Universal","CN=Administrateurs de l?entreprise,CN=Users,DC=YnovDomaine,DC=com"
"YnovDomaine.com","?diteurs de certificats","DomainLocal","CN=?diteurs de certificats,CN=Users,DC=YnovDomaine,DC=com"
"YnovDomaine.com","Admins du domaine","Global","CN=Admins du domaine,CN=Users,DC=YnovDomaine,DC=com"
"YnovDomaine.com","Utilisateurs du domaine","Global","CN=Utilisateurs du domaine,CN=Users,DC=YnovDomaine,DC=com"
"YnovDomaine.com","Invit?s du domaine","Global","CN=Invit?s du domaine,CN=Users,DC=YnovDomaine,DC=com"
"YnovDomaine.com","Propri?taires cr?ateurs de la strat?gie de groupe","Global","CN=Propri?taires cr?ateurs de la strat?gie de groupe,CN=Users,DC=YnovDomaine,DC=com"
"YnovDomaine.com","Serveurs RAS et IAS","DomainLocal","CN=Serveurs RAS et IAS,CN=Users,DC=YnovDomaine,DC=com"
"YnovDomaine.com","Op?rateurs de serveur","DomainLocal","CN=Op?rateurs de serveur,CN=Builtin,DC=YnovDomaine,DC=com"
"YnovDomaine.com","Op?rateurs de compte","DomainLocal","CN=Op?rateurs de compte,CN=Builtin,DC=YnovDomaine,DC=com"
"YnovDomaine.com","Acc?s compatible pr?-Windows 2000","DomainLocal","CN=Acc?s compatible pr?-Windows 2000,CN=Builtin,DC=YnovDomaine,DC=com"
"YnovDomaine.com","G?n?rateurs d?approbations de for?t entrante","DomainLocal","CN=G?n?rateurs d?approbations de for?t entrante,CN=Builtin,DC=YnovDomaine,DC=com"
"YnovDomaine.com","Groupe d?acc?s d?autorisation Windows","DomainLocal","CN=Groupe d?acc?s d?autorisation Windows,CN=Builtin,DC=YnovDomaine,DC=com"
"YnovDomaine.com","Serveurs de licences des services Terminal Server","DomainLocal","CN=Serveurs de licences des services Terminal Server,CN=Builtin,DC=YnovDomaine,DC=com"
"YnovDomaine.com","Groupe de r?plication dont le mot de passe RODC est autoris?","DomainLocal","CN=Groupe de r?plication dont le mot de passe RODC est autoris?,CN=Users,DC=YnovDomaine,DC=com"
"YnovDomaine.com","Groupe de r?plication dont le mot de passe RODC est refus?","DomainLocal","CN=Groupe de r?plication dont le mot de passe RODC est refus?,CN=Users,DC=YnovDomaine,DC=com"
"YnovDomaine.com","Contr?leurs de domaine en lecture seule","Global","CN=Contr?leurs de domaine en lecture seule,CN=Users,DC=YnovDomaine,DC=com"
"YnovDomaine.com","Contr?leurs de domaine d?entreprise en lecture seule","Universal","CN=Contr?leurs de domaine d?entreprise en lecture seule,CN=Users,DC=YnovDomaine,DC=com"
"YnovDomaine.com","Contr?leurs de domaine clonables","Global","CN=Contr?leurs de domaine clonables,CN=Users,DC=YnovDomaine,DC=com"
"YnovDomaine.com","Protected Users","Global","CN=Protected Users,CN=Users,DC=YnovDomaine,DC=com"
"YnovDomaine.com","Administrateurs cl?s","Global","CN=Administrateurs cl?s,CN=Users,DC=YnovDomaine,DC=com"
"YnovDomaine.com","Administrateurs cl?s Enterprise","Universal","CN=Administrateurs cl?s Enterprise,CN=Users,DC=YnovDomaine,DC=com"
"YnovDomaine.com","DnsAdmins","DomainLocal","CN=DnsAdmins,CN=Users,DC=YnovDomaine,DC=com"
"YnovDomaine.com","DnsUpdateProxy","Global","CN=DnsUpdateProxy,CN=Users,DC=YnovDomaine,DC=com"
"YnovDomaine.com","G_Direction_PO","Global","CN=G_Direction_PO,DC=YnovDomaine,DC=com"
"YnovDomaine.com","G_Technique_Nantes","Global","CN=G_Technique_Nantes,DC=YnovDomaine,DC=com"
"YnovDomaine.com","G_Sport_Mtp","Global","CN=G_Sport_Mtp,DC=YnovDomaine,DC=com"
"YnovDomaine.com","G_Commercial_Toulouse","Global","CN=G_Commercial_Toulouse,DC=YnovDomaine,DC=com"
"YnovDomaine.com","G_Comm_Aix","Global","CN=G_Comm_Aix,DC=YnovDomaine,DC=com"
"YnovDomaine.com","G_Compta_Lyon","Global","CN=G_Compta_Lyon,DC=YnovDomaine,DC=com"
"YnovDomaine.com","G_Enseignant_Casa","Global","CN=G_Enseignant_Casa,DC=YnovDomaine,DC=com"
"YnovDomaine.com","G_Social_Lille","Global","CN=G_Social_Lille,DC=YnovDomaine,DC=com"
"YnovDomaine.com","G_Salle_Nice","Global","CN=G_Salle_Nice,DC=YnovDomaine,DC=com"
"YnovDomaine.com","G_Refectoire_PO","Global","CN=G_Refectoire_PO,DC=YnovDomaine,DC=com"
