"Domain","Name","DisplayName","EmailAddress"
"corp.YnovDomain.com","Administrateur",,
"corp.YnovDomain.com","Invit?",,
"corp.YnovDomain.com","krbtgt",,
"corp.YnovDomain.com","Charles CL. Leclerc","Charles CL. Leclerc",
"corp.YnovDomain.com","Max MV. Verstappen","Max MV. Verstappen",
"corp.YnovDomain.com","Tony TP. Parker","Tony TP. Parker",
"corp.YnovDomain.com","Ryan RG. Gosling","Ryan RG. Gosling",
"corp.YnovDomain.com","Lewis LH. Hamilton","Lewis LH. Hamilton",
"corp.YnovDomain.com","Louka LG. Gennies","Louka LG. Gennies",
"corp.YnovDomain.com","Laink LW. Wankil","Laink LW. Wankil",
"corp.YnovDomain.com","Terracid TW. Wankil","Terracid TW. Wankil",
"corp.YnovDomain.com","Lucas LA. Auchard","Lucas LA. Auchard",
"corp.YnovDomain.com","Maxime MB. Biagi","Maxime MB. Biagi",
"corp.YnovDomain.com","Edgar EC. Couthouis","Edgar EC. Couthouis",
"corp.YnovDomain.com","Louka1 LG1. Gennies1","Louka1 LG1. Gennies1",
"corp.YnovDomain.com","Louka2 LG2. Gennies2","Louka2 LG2. Gennies2",
"corp.YnovDomain.com","Louka3 LG3. Gennies3","Louka3 LG3. Gennies3",
"corp.YnovDomain.com","Louka4 LG4. Gennies4","Louka4 LG4. Gennies4",
"corp.YnovDomain.com","Louka5 LG5. Gennies5","Louka5 LG5. Gennies5",
"corp.YnovDomain.com","Louka6 LG6. Gennies6","Louka6 LG6. Gennies6",
"corp.YnovDomain.com","Louka7 LG7. Gennies7","Louka7 LG7. Gennies7",
"corp.YnovDomain.com","Louka8 LG8. Gennies8","Louka8 LG8. Gennies8",
"corp.YnovDomain.com","Louka9 LG9. Gennies9","Louka9 LG9. Gennies9",
"corp.YnovDomain.com","Louka10 LG10. Gennies10","Louka10 LG10. Gennies10",
"corp.YnovDomain.com","Louka11 LG11. Gennies11","Louka11 LG11. Gennies11",
